{"eye_emotion_recognition": {"blink_durations": [0.4085681438446045], "avg_blink_duration": 0.4085681438446045, "total_blinks": 1, "duration": 9.12}, "facial_emotion_recognition": {"class_wise_frame_count": {"angry": 0, "disgust": 43, "fear": 0, "happy": 58, "neutral": 156, "sad": 0, "surprised": 17}}, "speech_emotion_recognition": {"major_emotion": "surprise", "pause_length": 2.1099886621315185, "articulation_rate": 4.471544715447154, "speaking_rate": 2.412286699602925, "word_weights": {"am": 0, "happy": 2.6395}}}