word,valence,arousal,dominance,flag
am,not found,not found,not found,0
happy,1.0,0.8674999999999999,0.772,1
am,not found,not found,not found,0
happy,1.0,0.8674999999999999,0.772,1
am,not found,not found,not found,0
happy,1.0,0.8674999999999999,0.772,1
am,not found,not found,not found,0
happy,1.0,0.8674999999999999,0.772,1
am,not found,not found,not found,0
happy,1.0,0.8674999999999999,0.772,1
am,not found,not found,not found,0
happy,1.0,0.8674999999999999,0.772,1
am,not found,not found,not found,0
happy,1.0,0.8674999999999999,0.772,1
