{"eye_emotion_recognition": {"blink_durations": [0.404526948928833, 0.04625344276428223], "avg_blink_duration": 0.22539019584655762, "total_blinks": 2, "duration": 3.74}, "facial_emotion_recognition": {"class_wise_frame_count": {"angry": 0, "disgust": 7, "fear": 24, "happy": 4, "neutral": 9, "sad": 0, "surprised": 69}}, "speech_emotion_recognition": {"major_emotion": "fear", "pause_length": 0.0, "articulation_rate": 1.497005988023952, "speaking_rate": 1.3368983957219251, "word_weights": {"is": 0, "horrible": 1.862}}}